full_name,commit_frequency,activity_consistency,commit_trend,active_days_ratio,peak_to_average_ratio,recent_vs_past_ratio,velocity_stability,has_description,has_license,forks_count,open_issues_count,stars,commit_count_total
BradyFU/Awesome-Multimodal-Large-Language-Models,2.0192,4.2403,-0.053061,0.6346,11.8857,2.0,2.1,1,0,1050,148,16144,859
huginn/huginn,0.5769,1.498,0.019551,0.2115,12.1333,0.1667,2.5966,1,1,4058,2170,47164,3819
MobSF/Mobile-Security-Framework-MobSF,0.4038,0.9043,-0.005592,0.25,12.381,0.0,2.2391,1,1,3462,1534,19340,2015
StevenBlack/hosts,6.1154,3.5608,0.049774,0.9808,2.2893,1.5833,0.5823,1,1,2341,2115,28772,4222
uber-go/zap,0.1346,0.4398,0.003031,0.0962,14.8571,0.0,3.267,1,1,1484,651,23580,698
datawhalechina/self-llm,6.1731,8.1281,-0.067233,0.7308,4.8598,0.0625,1.3167,1,1,2393,254,23801,1244
linera-io/linera-protocol,20.2885,9.128,-0.287843,0.9808,2.0701,0.7273,0.4499,1,1,1889,1259,28303,4521
unixorn/awesome-zsh-plugins,8.0769,5.0606,0.093742,0.9231,2.9714,1.8,0.6265,1,1,566,64,16740,5938
microsoft/TypeScript,5.2115,5.1714,0.071843,0.9423,4.9889,0.1818,0.9923,1,1,12976,42492,105775,36579
dhg/Skeleton,0.0,0.0,0.0,0.0,0.0,0.0,0.0,1,1,3125,206,19419,167
langgenius/dify,79.7885,24.0994,0.179672,1.0,1.7045,0.681,0.302,1,1,17216,12821,112653,7005
tayllan/awesome-algorithms,0.4038,1.0788,0.012764,0.1731,14.8571,0.0,2.6713,1,0,2870,18,23553,277
Modernizr/Modernizr,0.2115,0.6603,0.007214,0.1346,18.9091,1000000000.0,3.1215,1,1,2966,1495,25666,2630
babysor/MockingBird,0.0385,0.1923,0.002561,0.0385,26.0,0.0,5.0,1,1,5261,888,36591,210
bigskysoftware/htmx,3.4231,4.5588,-0.085461,0.6731,6.1348,0.0,1.3318,1,1,1487,1579,45821,3430
minio/minio,2.8846,3.4511,-0.129685,0.6923,4.16,500000000.0,1.1964,1,1,6104,7819,54928,12533
Trinea/android-open-project,0.0385,0.2747,-0.000598,0.0192,52.0,0.0,7.1414,1,1,11903,86,31797,963
MunGell/awesome-for-beginners,2.3462,4.1412,-0.046529,0.4615,8.5246,2000000000.0,1.7651,1,0,7401,187,77114,884
rasbt/deeplearning-models,0.0,0.0,0.0,0.0,0.0,0.0,0.0,1,1,4069,30,17200,215
vitejs/awesome-vite,0.1923,0.7605,-0.009391,0.0962,26.0,0.0,3.9547,1,1,1273,64,16175,2078
zxing/zxing,0.8077,3.0637,0.025527,0.1731,26.0,0.0,3.7931,1,1,9419,1326,33556,3832
eza-community/eza,2.3462,2.5486,-0.10817,0.6154,3.4098,0.0,1.0863,1,1,314,576,17112,3319
bilibili/flv.js,0.0,0.0,0.0,0.0,0.0,0.0,0.0,1,1,3367,733,23219,431
Z-Siqi/Clash-for-Windows_Chinese,0.5192,1.5871,-0.033766,0.1731,15.4074,0.0,3.0566,1,0,3120,253,26078,592
android-hacker/VirtualXposed,0.0,0.0,0.0,0.0,0.0,0.0,0.0,1,1,2519,1085,15817,1661
supabase/supabase,80.6538,25.8158,0.776915,1.0,1.6242,0.9621,0.3201,1,1,9679,4689,87838,32364
angular/components,29.3654,16.4048,-0.248826,1.0,3.201,1.0357,0.5586,1,1,6812,15866,24881,14245
google/python-fire,0.3654,1.1934,-0.016093,0.1346,19.1579,0.0,3.2661,1,1,1453,333,27856,355
kubernetes/minikube,32.3654,28.2039,1.083027,1.0,4.0784,1.1875,0.8714,1,1,5049,10135,30876,26075
jlevy/the-art-of-command-line,0.0,0.0,0.0,0.0,0.0,0.0,0.0,1,0,14746,258,157971,1218
huggingface/pytorch-image-models,6.8077,6.4986,-0.078118,0.8654,3.5254,1.0,0.9546,1,1,5002,998,35142,2908
digitalocean/nginxconfig.io,0.0,0.0,0.0,0.0,0.0,0.0,0.0,1,1,2071,239,28179,322
inkonchain/docs,3.6346,5.4843,-0.2087,0.5769,7.9788,1.0,1.5089,1,0,417,33,36941,684
alibaba/spring-cloud-alibaba,1.0385,1.7646,0.043883,0.3846,6.7407,0.125,1.6993,1,1,8469,2502,28726,2593
powerline/fonts,0.0,0.0,0.0,0.0,0.0,0.0,0.0,1,0,3183,253,26112,215
spf13/cobra,0.4808,1.0094,-0.013532,0.2308,8.32,0.0,2.0995,1,1,2988,1214,41743,1092
motion-canvas/motion-canvas,0.0,0.0,0.0,0.0,0.0,0.0,0.0,1,1,661,428,17411,954
validatorjs/validator.js,0.9423,1.7695,-0.038718,0.4038,8.4898,0.0,1.8779,1,1,2347,1094,23579,2321
filamentphp/filament,87.1923,60.3547,-2.124989,1.0,2.5805,0.7403,0.6922,1,1,3739,2944,26166,27927
h5bp/html5-boilerplate,0.5769,1.3494,-0.018868,0.2308,10.4,0.0,2.339,1,1,12293,1354,57150,2592
spring-projects/spring-boot,127.9615,65.9837,-0.985486,1.0,2.4773,0.798,0.5157,1,1,41458,39338,78266,56878
Stability-AI/StableLM,0.0,0.0,0.0,0.0,0.0,0.0,0.0,1,1,1031,76,15807,32
nuxt/nuxt,25.0962,11.7183,-0.307991,1.0,2.5103,0.9348,0.4669,1,1,5353,16689,58060,8091
satwikkansal/wtfpython,0.8077,1.9219,-0.075984,0.1923,8.6667,0.0,2.3795,1,1,2669,223,36588,670
nhn/tui.editor,0.0,0.0,0.0,0.0,0.0,0.0,0.0,1,1,1818,1640,17670,361
tqdm/tqdm,0.2692,1.7879,0.02382,0.0385,48.2857,0.0,6.6409,1,1,1399,1027,30344,2019
floodsung/Deep-Learning-Papers-Reading-Roadmap,0.0,0.0,0.0,0.0,0.0,0.0,0.0,1,0,7344,57,39249,114
spf13/viper,1.3077,3.4837,-0.023649,0.3654,18.3529,0.0,2.664,1,1,2064,902,29172,859
godotengine/godot,179.6538,58.3207,-0.839324,1.0,1.8814,0.9747,0.3246,1,1,23076,58246,100762,76691
sczhou/CodeFormer,0.0385,0.2747,0.001964,0.0192,52.0,0.0,7.1414,1,1,3630,374,17431,74
haoel/leetcode,0.0,0.0,0.0,0.0,0.0,0.0,0.0,1,0,4941,63,17901,788
meta-llama/llama,0.0,0.0,0.0,0.0,0.0,0.0,0.0,1,1,9799,1098,58687,148
frida/frida,4.5769,5.329,-0.092717,0.6731,4.5882,11.0,1.1643,1,1,1889,3065,18440,4516
kelseyhightower/nocode,0.0,0.0,0.0,0.0,0.0,0.0,0.0,1,1,4772,4864,63857,4
cfenollosa/os-tutorial,0.0192,0.1373,0.001921,0.0192,52.0,0.0,7.1414,1,1,3432,180,28703,148
diem/diem,0.0,0.0,0.0,0.0,0.0,0.0,0.0,1,1,2581,1417,16695,9840
hashcat/hashcat,25.25,33.6509,-0.396525,0.6923,6.5347,0.0,1.3327,1,0,3208,2184,24148,10738
source-foundry/Hack,0.0,0.0,0.0,0.0,0.0,0.0,0.0,1,1,640,493,16950,1361
Hannibal046/Awesome-LLM,0.6923,1.5509,-0.045163,0.2115,10.1111,0.0,2.2402,1,1,2096,34,24864,544
square/okhttp,8.6923,6.597,-0.050969,0.9615,2.9912,0.1935,0.7589,1,1,9242,4185,46626,6030
perkfly/reverse-interview-zh,0.0,0.0,0.0,0.0,0.0,0.0,0.0,1,1,1387,23,18226,41
mattermost/mattermost,37.2692,13.6946,-0.444378,1.0,1.7709,1.1014,0.3675,1,1,7947,9054,33508,21201
Loyalsoldier/v2ray-rules-dat,0.0769,0.2665,0.002732,0.0769,13.0,0.0,3.4641,1,1,2284,344,17335,307
sharkdp/hyperfine,0.4615,1.0824,-0.004354,0.2308,10.8333,500000000.0,2.3452,1,1,419,267,26026,995
livewire/livewire,18.0385,20.0566,0.530778,0.9231,5.1002,0.31,1.1119,1,1,1654,1576,23130,5102
oxc-project/oxc,142.7115,47.1998,1.969308,1.0,1.7308,0.703,0.3307,1,1,639,2230,16206,11586
mongodb/mongo,176.4231,38.896,0.947067,1.0,1.5871,0.798,0.2205,1,1,5674,0,27481,91492
JacksonTian/fks,0.0,0.0,0.0,0.0,0.0,0.0,0.0,1,0,4564,33,17976,222
gin-gonic/gin,3.1538,3.4551,0.022198,0.6923,5.3902,6500000000.0,1.0955,1,1,8308,2352,83801,1871
Tencent/APIJSON,2.5,3.4446,-0.053872,0.6731,6.4,23.0,1.3778,1,1,2250,675,18144,3352
postgres/postgres,53.6731,20.7603,-0.229787,1.0,2.4966,1.0435,0.3868,1,1,5081,0,18407,62027
dbeaver/dbeaver,26.5769,11.473,0.168189,1.0,1.919,1.2321,0.4317,1,1,3814,19390,45088,27527
cube-js/cube,19.0385,6.9889,-0.181166,1.0,1.7859,1.4333,0.3671,1,1,1885,2581,18843,9836
sindresorhus/awesome-electron,0.0769,0.3309,0.004696,0.0577,26.0,0.0,4.3012,1,1,2021,45,26618,565
open-mmlab/mmdetection,0.0,0.0,0.0,0.0,0.0,0.0,0.0,1,1,9724,8498,31623,2706
etcd-io/etcd,34.0962,15.6688,-0.325664,1.0,2.3463,0.7761,0.4595,1,1,10162,7016,50190,23683
aidenybai/million,0.0192,0.1373,0.001238,0.0192,52.0,0.0,7.1414,1,1,589,578,17309,2363
mathiasbynens/dotfiles,0.0,0.0,0.0,0.0,0.0,0.0,0.0,1,1,8709,392,30970,762
dkhamsing/open-source-ios-apps,16.9808,7.8409,-0.119824,0.9615,1.7078,0.9375,0.4618,1,1,5612,312,46326,8691
Mikoto10032/DeepLearning,0.0,0.0,0.0,0.0,0.0,0.0,0.0,1,1,3799,17,16388,554
GrowingGit/GitHub-Chinese-Top-Charts,0.0,0.0,0.0,0.0,0.0,0.0,0.0,1,1,13251,340,101741,1018
facebook/folly,41.5962,20.1793,0.44203,0.9808,2.5483,1.51,0.4851,1,1,5763,1225,29727,14874
nvim-telescope/telescope.nvim,0.6731,1.762,0.030351,0.25,14.8571,0.0,2.6178,1,1,910,1933,18173,1465
Mikubill/sd-webui-controlnet,0.0,0.0,0.0,0.0,0.0,0.0,0.0,1,1,2024,1523,17778,1940
microsoft/react-native-windows,10.6346,4.5108,-0.051695,1.0,2.1627,0.68,0.4242,1,1,1172,5141,16972,9174
uNetworking/uWebSockets,0.25,0.7037,-0.004824,0.1538,16.0,0.5,2.8148,1,1,1816,548,18226,1152
prestodb/presto,27.8654,8.8057,-0.166951,1.0,1.8302,0.9556,0.316,1,1,5493,7018,16481,24713
cli/cli,32.4423,22.1015,-0.482242,1.0,2.8975,1.4722,0.6813,1,1,7002,5170,40494,10032
sharkdp/bat,8.5962,8.6963,0.13135,0.8462,4.3043,0.5,1.0116,1,1,1340,1519,54208,3464
SWE-agent/SWE-agent,5.1731,6.6411,-0.276744,0.6538,4.6394,0.3636,1.2838,1,1,1791,576,17198,2117
radix-ui/primitives,2.5,6.4644,-0.12849,0.3269,10.0,500000000.0,2.5858,1,1,1013,1691,17776,1634
rupa/z,0.0,0.0,0.0,0.0,0.0,0.0,0.0,1,1,1177,238,16765,217
kdn251/interviews,0.0577,0.412,-0.00397,0.0192,52.0,0.0,7.1414,1,1,12952,56,64418,448
rclone/rclone,15.5962,9.8004,0.070819,1.0,3.2059,0.8649,0.6284,1,1,4664,5798,52349,9052
shadowsocks/shadowsocks-libev,0.2885,1.9249,0.029326,0.0385,48.5333,0.0,6.673,1,1,6305,2234,16030,2381
gnachman/iTerm2,24.8846,19.9785,-0.023051,0.9808,3.7372,0.4571,0.8028,1,1,1230,0,16273,15204
fxsjy/jieba,0.0,0.0,0.0,0.0,0.0,0.0,0.0,1,1,6730,867,34357,523
mdbootstrap/mdb-ui-kit,0.0769,0.2665,-0.001451,0.0769,13.0,0.0,3.4641,1,1,3495,1195,24300,1483
DapperLib/Dapper,0.0962,0.4048,-0.007556,0.0577,20.8,0.0,4.2095,1,1,3677,1366,18043,1610
yetone/avante.nvim,15.1538,14.9234,-0.722445,0.9615,3.2995,4.0,0.9848,1,1,711,975,15775,1463
ZuzooVn/machine-learning-for-software-engineers,0.0,0.0,0.0,0.0,0.0,0.0,0.0,1,1,6220,26,28587,302
fastai/fastai,1.9231,2.9276,-0.039699,0.5,7.28,8.0,1.5224,1,1,7643,1831,27397,2881
ggml-org/whisper.cpp,34.8462,10.3243,-0.144028,1.0,1.7792,0.2821,0.2963,1,1,4628,1757,42846,3066
charmbracelet/glow,1.2692,1.6654,-0.063348,0.5769,7.0909,0.0,1.3122,1,1,445,327,19007,846
adam-p/markdown-here,0.3269,1.49,-0.012507,0.0577,27.5294,0.0,4.5576,1,1,11188,629,60003,852
standard/standard,0.0577,0.412,-0.001665,0.0192,52.0,0.0,7.1414,1,1,2323,1232,29344,2001
alvarotrigo/fullPage.js,1.3269,4.5265,-0.00397,0.2115,23.3623,0.0,3.4113,1,1,7232,4131,35463,2306
hiyouga/LLaMA-Factory,8.9808,5.3114,-0.142022,0.9808,3.0064,0.8,0.5914,1,1,6985,7370,57002,2968
microsoft/ai-agents-for-beginners,15.9615,16.8967,0.103987,0.9231,4.1976,1.0851,1.0586,1,1,11586,67,35838,608
novuhq/novu,32.6346,11.2353,-0.4749,1.0,1.9611,0.84,0.3443,1,1,4109,1623,37689,20325
backstage/backstage,150.9615,58.5481,-0.339623,1.0,1.8283,0.8379,0.3878,1,1,6752,7074,31243,67065
joke2k/faker,4.1154,5.8856,-0.013319,0.4615,6.0748,0.5882,1.4302,1,1,2013,794,18659,4038
zyedidia/micro,3.0962,2.6693,-0.045633,0.7692,2.9068,0.25,0.8621,1,1,1236,2439,26780,3425
resend/react-email,14.6731,13.5017,-0.052122,0.9423,4.9751,0.1786,0.9202,1,1,810,597,16520,1628
niklasvh/html2canvas,0.0,0.0,0.0,0.0,0.0,0.0,0.0,1,1,4883,2621,31503,1066
typst/typst,15.2692,10.7991,0.191924,0.9615,3.995,0.3721,0.7072,1,1,1206,3503,45204,3890
recharts/recharts,18.8269,6.5213,0.145949,1.0,1.9653,1.4643,0.3464,1,1,1811,3381,25842,3952
flameshot-org/flameshot,5.4808,6.0526,-0.089089,0.8269,4.7439,2.5,1.1043,1,1,1758,2777,27680,2172
minimaxir/big-list-of-naughty-strings,0.0,0.0,0.0,0.0,0.0,0.0,0.0,1,1,2159,101,47398,273
UKPLab/sentence-transformers,14.6731,19.3607,-0.764322,0.8269,5.9292,0.25,1.3195,1,1,2670,2450,17448,2364
aws/aws-cli,16.4808,3.035,-0.009007,1.0,1.3349,1.0,0.1842,1,1,4341,4808,16316,13248
nvie/gitflow,0.0385,0.2747,0.00111,0.0192,52.0,0.0,7.1414,1,1,2657,364,26840,401
apache/incubator-seata,5.8462,3.7896,0.001025,0.9423,2.2237,0.0,0.6482,1,1,8858,4169,25775,2306
gedoor/legado,9.0962,10.1133,-0.423675,0.9231,5.9366,0.5,1.1118,1,1,4568,2982,39639,6427
coollabsio/coolify,68.75,47.8728,0.639076,1.0,3.2291,0.2647,0.6963,1,1,2867,2839,44760,12128
kyleneideck/BackgroundMusic,0.2885,1.0254,0.014556,0.1154,20.8,1500000000.0,3.5547,1,1,718,694,17810,426
bailicangdu/vue2-elm,0.0192,0.1373,-0.001665,0.0192,52.0,0.0,7.1414,1,1,12379,630,41157,512
lukehoban/es6features,0.0,0.0,0.0,0.0,0.0,0.0,0.0,1,1,2836,57,29196,109
keon/algorithms,0.9423,3.9731,0.085845,0.1538,29.7143,16500000000.0,4.2163,1,1,4693,165,24723,961
type-challenges/type-challenges,0.75,2.065,-0.01413,0.2115,14.6667,0.0,2.7534,1,1,5060,36387,46374,1004
leandromoreira/digital_video_introduction,0.0,0.0,0.0,0.0,0.0,0.0,0.0,1,1,1360,56,15975,448
bharathgs/Awesome-pytorch-list,0.0577,0.412,0.005763,0.0192,52.0,0.0,7.1414,1,0,2815,16,16095,748
ziadoz/awesome-php,0.5,2.1168,-0.024076,0.1538,30.0,500000000.0,4.2336,1,1,5127,153,31853,1753
QuivrHQ/quivr,0.5192,1.065,-0.044011,0.2692,9.6296,0.0,2.0511,1,1,3670,1535,38368,2295
SortableJS/Sortable,0.0769,0.2665,-0.002647,0.0769,13.0,0.0,3.4641,1,1,3744,1817,30700,1112
Netflix/Hystrix,0.0385,0.2747,0.002647,0.0192,52.0,0.0,7.1414,1,0,4718,1038,24396,2119
gitroomhq/postiz-app,24.2885,18.0835,-0.107872,1.0,2.9232,0.7636,0.7445,1,1,3742,428,23267,1813
typescript-eslint/typescript-eslint,12.1346,9.7823,-0.040084,0.9615,4.6149,0.5,0.8061,1,1,2816,5604,15904,6152
huggingface/lerobot,10.9423,8.7297,0.1258,1.0,4.0211,1.4762,0.7978,1,1,2438,659,16922,944
reactnativecn/react-native-guide,0.0,0.0,0.0,0.0,0.0,0.0,0.0,1,0,3781,21,17814,157
karakeep-app/karakeep,16.8654,9.6477,0.147315,0.9808,2.1938,0.9434,0.572,1,1,838,1170,19475,1344
vuejs/core,7.5,7.4408,0.004269,0.8269,3.4667,0.3667,0.9921,1,1,8866,5787,51447,6745
pytorch/vision,3.0962,3.1333,-0.023265,0.75,4.5217,1.3333,1.012,1,1,7145,3527,17108,4106
microsoft/WSL,5.3462,3.7921,0.070178,0.9615,3.1799,0.75,0.7093,1,1,1463,11752,29690,473
ether/etherpad-lite,7.4808,7.8581,0.037779,0.8846,5.6144,2.4286,1.0504,1,1,2955,3221,17689,9223
trpc/trpc,6.5192,5.6449,-0.078503,0.8654,3.2212,0.4615,0.8659,1,1,1404,1286,38353,4656
xitu/gold-miner,0.0,0.0,0.0,0.0,0.0,0.0,0.0,1,0,5047,5601,34256,11473
redisson/redisson,16.7885,14.1453,0.064928,1.0,4.4674,0.3182,0.8426,1,1,5477,5587,24004,10687
h5bp/Front-end-Developer-Interview-Questions,0.0,0.0,0.0,0.0,0.0,0.0,0.0,1,1,11092,177,60552,1045
3b1b/manim,0.7885,3.1643,0.009605,0.1154,21.561,0.0588,4.0133,1,1,6861,1213,80289,6344
material-components/material-components-android,8.3462,5.7576,-0.24571,0.9615,3.235,0.4,0.6898,1,1,3173,3427,16929,6231
python-telegram-bot/python-telegram-bot,4.1538,3.8199,0.001025,0.8846,3.6111,0.5556,0.9196,1,1,5821,2279,28090,2992
hankcs/HanLP,0.0,0.0,0.0,0.0,0.0,0.0,0.0,1,1,10753,1429,35561,1770
mattermost-community/focalboard,0.0769,0.5493,-0.003927,0.0192,52.0,0.0,7.1414,1,1,2311,2430,24887,3646
sickcodes/Docker-OSX,0.2308,0.775,-0.00794,0.0962,17.3333,0.0,3.3582,1,1,2852,669,51283,500
netdata/netdata,38.6731,13.4661,-0.40899,1.0,1.8618,1.0127,0.3482,1,1,6134,8119,75696,20854
LAION-AI/Open-Assistant,0.0,0.0,0.0,0.0,0.0,0.0,0.0,1,1,3295,1645,37460,3477
less/less.js,0.3462,0.6761,-0.010501,0.2308,5.7778,0.0,1.9532,1,1,3398,2861,17056,3004
AobingJava/JavaFamily,0.0192,0.1373,0.000811,0.0192,52.0,0.0,7.1414,1,0,7802,65,36613,227
eosphoros-ai/DB-GPT,5.3654,7.4396,-0.327798,0.8462,7.2688,0.25,1.3866,1,1,2394,1586,17230,3247
shadowsocks/shadowsocks,0.0,0.0,0.0,0.0,0.0,0.0,0.0,0,0,18406,0,33657,1
transloadit/uppy,7.1731,6.7787,0.010458,0.9615,4.6005,0.2,0.945,1,1,2083,2458,30193,10348
django/django,17.1923,6.0225,0.029454,1.0,1.9776,0.561,0.3503,1,1,32877,0,84843,33812
chatwoot/chatwoot,20.75,7.6129,-0.079698,1.0,1.9277,1.3171,0.3669,1,1,5239,5017,25129,5325
ianyh/Amethyst,0.4423,1.0815,-0.007726,0.1923,11.3043,1500000000.0,2.4452,1,1,501,1135,15635,1358
graphdeco-inria/gaussian-splatting,0.0,0.0,0.0,0.0,0.0,0.0,0.0,1,1,2567,1178,18300,250
alibaba/DataX,0.4038,1.0788,-0.028729,0.1538,12.381,0.0,2.6713,1,1,5597,1657,16773,725
black-forest-labs/flux,0.1154,0.4663,-0.004269,0.0769,26.0,0.0,4.0415,1,1,1766,246,24161,59
jesseduffield/lazygit,19.0385,15.0166,-0.404679,0.9423,4.5172,0.2,0.7888,1,1,2211,2300,64237,6854
hackiftekhar/IQKeyboardManager,0.3462,0.8294,0.009989,0.1923,11.5556,1000000000.0,2.396,1,1,2433,1874,16597,1387
seaweedfs/seaweedfs,31.75,27.5135,1.209041,1.0,4.9134,0.6358,0.8666,1,1,2457,3131,25666,11846
exelban/stats,3.2308,2.3421,-0.010074,0.7885,2.4762,2.0,0.7249,1,1,1064,2191,33460,2141
Rapptz/discord.py,3.9808,8.3769,0.009861,0.5192,12.5604,10.0,2.1043,1,1,3877,3004,15656,5316
nickbutcher/plaid,0.0,0.0,0.0,0.0,0.0,0.0,0.0,1,1,3125,353,16250,1277
react-hook-form/react-hook-form,3.6154,2.7537,-0.033894,0.8654,2.766,0.3333,0.7617,1,1,2273,4843,43757,3833
trojan-gfw/trojan,0.0,0.0,0.0,0.0,0.0,0.0,0.0,1,1,3043,612,19409,466
lovell/sharp,2.8846,3.9206,-0.089729,0.6538,5.5467,0.0,1.3592,1,1,1350,3986,31042,2279
lewagon/setup,0.7308,1.4691,0.019551,0.2692,10.9474,0.0,2.0104,1,0,1593,152,19190,1190
encode/django-rest-framework,2.3462,2.7518,0.048493,0.7692,4.6885,0.6364,1.1729,1,1,6999,3945,29421,8887
twitter/twemoji,0.0962,0.6867,0.008324,0.0192,52.0,0.0,7.1414,1,1,1887,446,17169,426
ungoogled-software/ungoogled-chromium,1.6346,1.1934,-0.009519,0.8654,3.0588,1.0,0.7301,1,1,974,2434,23747,2317
MonitorControl/MonitorControl,0.1538,0.6008,0.005549,0.0769,19.5,0.0,3.9051,1,1,885,987,30993,283
flatpickr/flatpickr,0.0,0.0,0.0,0.0,0.0,0.0,0.0,1,1,1468,2215,16393,2867
Anuken/Mindustry,26.5962,18.6334,0.077734,0.9615,2.9704,0.9059,0.7006,1,1,3171,4924,24670,19441
microsoft/Data-Science-For-Beginners,10.6731,24.7096,0.377316,0.5192,10.5874,0.3611,2.3151,1,1,6429,121,30610,1596
pnpm/pnpm,16.0577,10.2458,0.142192,1.0,3.2383,2.6562,0.6381,1,1,1181,4912,32509,9916
quii/learn-go-with-tests,0.3269,0.8256,-0.002433,0.2115,15.2941,500000000.0,2.5253,1,1,2896,255,23101,1405
facebook/fresco,10.4231,9.2015,0.093486,0.9808,4.797,2.1538,0.8828,1,1,3760,2323,17134,4456
greenrobot/EventBus,0.0,0.0,0.0,0.0,0.0,0.0,0.0,1,1,4672,589,24758,550
jenkinsci/jenkins,33.6538,16.6605,-0.694869,1.0,2.6743,0.7925,0.4951,1,1,9116,0,24365,37405
shadowsocks/shadowsocks-android,0.3077,0.8213,-0.002647,0.1346,9.75,0.0,2.6693,1,1,11550,2505,36066,3735
remix-run/react-router,23.9423,15.8859,-0.384573,0.9808,3.1743,1.6364,0.6635,1,1,10707,8162,55430,10230
ymcui/Chinese-LLaMA-Alpaca,0.0192,0.1373,-0.000555,0.0192,52.0,0.0,7.1414,1,1,1880,732,18913,557
mlabonne/llm-course,0.1923,0.6805,0.002391,0.0769,15.6,0.0,3.5384,1,1,6678,84,61173,91
microsoft/PowerToys,21.4423,10.3653,0.121873,1.0,1.9587,0.5937,0.4834,1,1,7320,34698,122758,8295
streamlit/streamlit,38.9038,12.8621,0.015752,1.0,1.9021,0.9903,0.3306,1,1,3685,5436,41161,8196
invoke-ai/InvokeAI,56.25,52.8921,-1.983821,0.9615,3.9289,0.4,0.9403,1,1,2647,3532,25802,18226
jobbole/awesome-python-cn,0.0,0.0,0.0,0.0,0.0,0.0,0.0,1,1,7975,31,29768,213
immutable-js/immutable-js,3.0962,6.1621,-0.096175,0.4423,10.3354,0.0,1.9902,1,1,1779,1262,33066,2022
github/docs,110.2885,28.979,-0.504525,0.9808,1.5142,1.2011,0.2628,1,1,63079,4499,17785,55842
OptimalBits/bull,0.0385,0.1923,0.003159,0.0385,26.0,500000000.0,5.0,1,1,1437,1848,16097,2211
makeplane/plane,26.0385,13.7014,-0.127721,1.0,2.2275,2.2857,0.5262,1,1,2647,1321,38465,6237
swiftlang/swift,275.6731,85.241,-3.894263,1.0,1.7339,0.7886,0.3092,1,1,10525,16809,69003,187105
CherryHQ/cherry-studio,75.9038,53.2217,-1.637454,1.0,4.7428,0.6133,0.7012,1,1,2887,6533,32409,3972
aymericdamien/TensorFlow-Examples,0.0,0.0,0.0,0.0,0.0,0.0,0.0,1,1,14860,237,43706,250
prometheus/prometheus,35.6538,18.0681,-0.090498,1.0,3.562,0.7979,0.5068,1,1,9749,6178,60159,16039
peass-ng/PEASS-ng,5.6538,16.0622,0.257919,0.6923,20.3401,0.6957,2.8409,1,1,3274,198,18235,1751
KaTeX/KaTeX,0.8462,2.3237,0.059848,0.2115,14.1818,20.0,2.7461,1,1,1233,1636,19324,2190
dgtlmoon/changedetection.io,10.1731,10.0244,0.2122,0.8846,4.5217,1.7419,0.9854,1,1,1471,1429,26379,1879
Significant-Gravitas/AutoGPT,28.0385,11.5841,-0.065397,0.9808,2.1756,0.0119,0.4131,1,1,45956,3412,178166,7182
mack-a/v2ray-agent,1.1346,1.8608,-0.001409,0.4615,8.8136,0.0,1.64,1,1,5032,1078,16607,79
excalidraw/excalidraw,5.2308,3.4003,-0.020319,0.9808,2.6765,0.7059,0.6501,1,1,10707,4259,106257,3820
psf/requests,1.2308,2.3584,0.025356,0.4038,10.5625,0.35,1.9162,1,1,9539,4062,53239,6372
obsproject/obs-studio,10.1346,6.7711,-0.094724,0.9808,3.4535,0.6818,0.6681,1,1,8654,4618,66535,15162
bayandin/awesome-awesomeness,0.0,0.0,0.0,0.0,0.0,0.0,0.0,1,0,3583,68,32835,576
openobserve/openobserve,40.1538,12.6634,0.498933,1.0,2.1169,0.7239,0.3154,1,1,642,2719,16409,4175
yeasy/docker_practice,1.0962,3.4265,0.112311,0.1923,20.0702,2.5,3.1259,1,0,5774,215,25556,1235
LadybirdBrowser/ladybird,152.2115,38.8648,0.618842,1.0,1.7476,1.1313,0.2553,1,1,2045,1155,47122,71448
prisma/prisma,18.3654,10.0748,-0.351789,1.0,2.4503,1.16,0.5486,1,1,1845,11375,43638,11789
responsively-org/responsively-app,0.8077,1.7101,0.01588,0.25,7.4286,3000000000.0,2.1173,1,1,1279,593,24144,2223
VSCodium/vscodium,6.0577,5.9531,-0.139375,0.8846,5.6127,1.0,0.9827,1,1,1398,1518,28409,1592
leonardomso/33-js-concepts,3.75,17.1866,0.289123,0.1923,24.8,3500000000.0,4.5831,1,1,9110,103,65570,822
huihut/interview,0.3077,1.9369,-0.005464,0.0385,45.5,0.0,6.2948,1,1,8098,66,36709,388
localForage/localForage,0.0,0.0,0.0,0.0,0.0,0.0,0.0,1,1,1285,721,25565,1126
esp8266/Arduino,0.4615,1.1679,-0.021344,0.1923,13.0,0.0,2.5304,1,1,13262,5899,16410,4471
MatsuriDayo/NekoBoxForAndroid,1.3269,3.0428,-0.017545,0.3077,9.7971,0.0,2.2931,1,1,1292,923,15769,344
ClickHouse/ClickHouse,825.7692,194.9105,5.153249,1.0,1.9206,0.9333,0.236,1,1,7604,25107,42609,188757
storybookjs/storybook,194.3269,84.2315,-1.117519,1.0,1.868,1.0332,0.4335,1,1,9672,13706,87628,72004
fivethirtyeight/data,0.0,0.0,0.0,0.0,0.0,0.0,0.0,1,1,11132,163,17161,1475
dypsilon/frontend-dev-bookmarks,0.0,0.0,0.0,0.0,0.0,0.0,0.0,1,0,5146,107,44727,390
openai/tiktoken,0.2308,0.639,0.002903,0.1346,13.0,0.0,2.7689,1,1,1201,282,15728,63
chrislgarry/Apollo-11,0.2692,0.9223,-0.000512,0.1346,22.2857,0.0,3.4256,1,1,7280,382,62933,580
docmost/docmost,7.8846,7.7724,-0.044737,0.75,3.5512,0.9697,0.9858,1,1,907,772,17048,665
auth0/node-jsonwebtoken,0.0192,0.1373,0.001238,0.0192,52.0,0.0,7.1414,1,1,1255,649,18072,449
emilwallner/Screenshot-to-code,0.0,0.0,0.0,0.0,0.0,0.0,0.0,1,1,1561,60,16536,181
ReactiveX/RxJava,1.75,1.8279,-4.3e-05,0.7692,5.1429,2.5,1.0445,1,1,7607,3171,48272,6248
requarks/wiki,0.7692,1.7608,0.033296,0.3462,14.3,2500000000.0,2.2891,1,1,3022,2479,26927,2163
XIU2/TrackersListCollection,16.3462,6.6791,-0.364381,1.0,1.4682,1.0,0.4086,1,1,1721,0,29174,5886
docmirror/dev-sidecar,0.6923,1.9069,-0.040382,0.2308,13.0,0.0,2.7543,1,1,2322,421,19169,1224
FreeCodeCampChina/freecodecamp.cn,0.0,0.0,0.0,0.0,0.0,0.0,0.0,1,1,1392,586,37479,8845
vercel/swr,0.8077,1.7213,0.015624,0.2692,11.1429,0.0,2.1312,1,1,1276,959,31875,921
plotly/plotly.js,16.7115,16.6956,0.064416,0.9808,6.5224,0.641,0.999,1,1,1924,4426,17825,27961
koalaman/shellcheck,2.5385,3.9148,-0.030223,0.5385,7.8788,0.0,1.5422,1,1,1849,2854,38014,2142
feder-cr/Jobs_Applier_AI_Agent_AIHawk,0.5192,2.1705,-0.029583,0.1154,28.8889,0.0,4.1803,1,1,4350,674,28727,59
facebook/relay,12.9615,5.4383,0.020149,1.0,1.8516,1.5,0.4196,1,1,1865,2327,18847,10672
gothinkster/realworld,2.1923,4.9538,0.057628,0.25,9.1228,1.0455,2.2596,1,1,7508,542,82281,1037
numpy/numpy,50.4423,28.5848,-0.099846,1.0,2.7953,1.1,0.5667,1,1,11279,13505,30275,39355
state-spaces/mamba,1.4038,4.1937,0.027192,0.3077,16.3836,500000000.0,2.9873,1,1,1420,679,15728,137
exo-explore/exo,12.0577,16.7107,0.646675,0.6923,5.2249,1.1765,1.3859,1,1,1996,508,30603,1561
inancgumus/learngo,0.0192,0.1373,-0.000811,0.0192,52.0,0.0,7.1414,1,1,2671,36,19495,530
academic/awesome-datascience,2.0192,3.5219,0.061427,0.5192,9.4095,6.0,1.7442,1,1,6200,61,27287,1124
facebookresearch/segment-anything,0.0,0.0,0.0,0.0,0.0,0.0,0.0,1,1,6063,704,51681,49
binwiederhier/ntfy,10.7885,13.2351,0.213651,0.9423,5.8396,0.4082,1.2268,1,1,1030,1012,25928,3123
fastlane/fastlane,2.3654,3.7878,0.094809,0.4808,7.187,0.3333,1.6013,1,1,5929,13188,40456,16666
HelloZeroNet/ZeroNet,0.0,0.0,0.0,0.0,0.0,0.0,0.0,1,1,2286,2180,18640,4033
eslint/eslint,11.9808,5.6073,-0.082771,1.0,2.3371,0.8333,0.468,1,1,4782,10705,26226,10336
google/googletest,1.8269,1.3689,-0.012507,0.8269,2.7368,0.8571,0.7493,1,1,10500,2324,36973,4522
PKUanonym/REKCARC-TSC-UHT,0.3077,0.7478,-0.003671,0.2115,13.0,0.0,2.4303,1,1,7773,32,35482,238
aio-libs/aiohttp,24.8846,23.9452,-0.473576,0.9423,5.7063,3.4545,0.9622,1,1,2117,3144,15954,12413
luong-komorebi/Awesome-Linux-Software,0.5,1.2169,-0.015794,0.25,14.0,2.0,2.4337,1,0,2137,145,23936,1830
iptv-org/iptv,43.4231,17.5919,-0.102109,1.0,1.9345,0.5528,0.4051,1,1,3932,15085,96723,32451
swaywm/sway,2.3654,2.1575,-0.046658,0.8269,4.2276,2.3333,0.9121,1,1,1178,4958,15885,7595
ollama/ollama,22.7308,12.0561,-0.091864,0.9808,2.9036,0.8448,0.5304,1,1,12983,8082,151319,4509
browsh-org/browsh,0.0385,0.1923,-0.001195,0.0385,26.0,0.0,5.0,1,1,442,428,17862,429
dwmkerr/hacker-laws,1.3654,4.4377,-0.090626,0.1538,17.5775,0.0,3.2502,1,1,1565,219,26846,558
aFarkas/lazysizes,0.0,0.0,0.0,0.0,0.0,0.0,0.0,1,1,1723,823,17715,854
JuliaLang/julia,38.6538,10.3884,-0.024588,1.0,1.7075,1.3333,0.2688,1,1,5623,25388,47575,59414
pallets/flask,2.3269,4.6646,0.015496,0.5,8.1653,3.25,2.0046,1,1,16517,2693,70262,5463
xtekky/gpt4free,20.7115,21.4219,-0.254632,1.0,5.0214,2.0476,1.0343,1,1,13681,1870,65044,3723
remy/nodemon,0.9231,1.567,0.028601,0.4231,9.75,3.0,1.6976,1,1,1745,1682,26637,1428
infinitered/ignite,1.4038,2.3718,-0.053488,0.4231,8.5479,0.0,1.6895,1,1,1486,1450,19040,2758
ankitects/anki,10.6923,11.4498,-0.295654,0.8846,4.3957,0.08,1.0708,1,1,2466,1190,23415,12010
chakra-ui/chakra-ui,16.9808,12.9681,-0.459447,0.9808,3.5334,0.8571,0.7637,1,1,3472,4155,39618,11108
aframevr/aframe,3.2115,4.765,-0.124264,0.5,5.9162,1500000000.0,1.4837,1,1,4168,3228,17307,7414
microsoft/OmniParser,0.25,0.8292,-0.016179,0.0962,16.0,0.0,3.3166,1,1,1985,227,23416,151
adobe-fonts/source-han-sans,0.0192,0.1373,-0.000896,0.0192,52.0,0.0,7.1414,1,1,1350,546,15631,39
zen-browser/desktop,48.9231,30.2997,-1.215658,1.0,3.2091,1.3433,0.6193,1,1,1054,7048,35842,5575
coreybutler/nvm-windows,0.0577,0.2332,0.002775,0.0577,17.3333,0.0,4.0415,1,1,3593,928,42624,536
dromara/Sa-Token,6.6731,8.8659,-0.306967,0.6154,4.7954,0.55,1.3286,1,1,2818,686,18119,2416
scikit-learn/scikit-learn,23.4615,12.668,-0.007257,1.0,4.2623,1.2,0.5399,1,1,26182,11668,63194,32777
MaterialDesignInXAML/MaterialDesignInXamlToolkit,1.75,1.6856,-0.009946,0.7115,3.4286,0.6667,0.9632,1,1,3480,1968,15790,3074
whyour/qinglong,2.0385,3.3106,-0.010245,0.4615,7.8491,0.0,1.6241,1,1,3154,2347,18298,1953
alebcay/awesome-shell,0.0,0.0,0.0,0.0,0.0,0.0,0.0,1,1,2430,62,35099,671
go-playground/validator,1.4808,1.6111,0.004226,0.6346,4.7273,2.5,1.088,1,1,1381,737,18932,1116
joonspk-research/generative_agents,0.0,0.0,0.0,0.0,0.0,0.0,0.0,1,1,2644,140,19530,31
langflow-ai/langflow,36.3462,17.3071,-0.692905,1.0,2.4487,0.7391,0.4762,1,1,7459,2721,109482,16543
tiimgreen/github-cheat-sheet,0.0,0.0,0.0,0.0,0.0,0.0,0.0,1,1,5335,71,52272,507
xiaolincoder/CS-Base,0.0,0.0,0.0,0.0,0.0,0.0,0.0,1,0,2063,155,16857,476
angular/angular,80.3654,26.7316,0.099505,1.0,2.2522,0.9489,0.3326,1,1,26555,29519,98586,34319
ventoy/Ventoy,1.0385,3.1923,0.039443,0.2308,18.2963,0.0,3.0741,1,1,4460,2539,70312,1117
remotion-dev/remotion,133.9038,80.9295,2.887006,1.0,3.032,1.5536,0.6044,1,1,1298,1859,23782,26333
Tencent/tinker,0.2115,0.6305,0.002092,0.1538,18.9091,0.0,2.9807,1,1,3356,1618,17504,858
chartdb/chartdb,6.5385,5.7226,-0.044993,0.8462,3.8235,0.0,0.8752,1,1,990,220,18525,845
emmabostian/developer-portfolios,45.25,17.3559,0.267267,1.0,2.5414,0.7568,0.3836,1,0,3303,710,17393,4019
chatboxai/chatbox,9.4038,5.6339,0.038291,0.9038,2.6585,0.4706,0.5991,1,1,3497,2289,36425,630
romkatv/powerlevel10k,0.1538,0.7438,0.010843,0.0577,32.5,0.0,4.8348,1,1,2342,2572,50748,4313
521xueweihan/HelloGitHub,0.3269,0.5449,-0.008409,0.2885,6.1176,0.0,1.6669,1,0,10686,2844,126844,216
cjbarber/ToolsOfTheTrade,0.0,0.0,0.0,0.0,0.0,0.0,0.0,1,1,1285,45,16821,649
labring/sealos,13.8846,8.5881,0.178178,0.9615,2.5928,0.1714,0.6185,1,1,2280,1832,16278,4263
pyenv/pyenv,3.7115,3.4213,0.079527,0.8077,4.0415,1.1667,0.9218,1,1,3197,1864,43036,3483
vlang/v,40.5192,15.1448,0.334543,1.0,2.1965,0.7154,0.3738,1,1,2201,9711,36684,20373
Hack-with-Github/Awesome-Hacking,0.0,0.0,0.0,0.0,0.0,0.0,0.0,1,1,9511,0,97051,124
sqlc-dev/sqlc,2.1923,3.1807,0.003074,0.4808,5.4737,3.0,1.4508,1,1,925,1769,15845,1748
folke/lazy.nvim,0.4615,1.3931,0.017502,0.1346,15.1667,0.0,3.0185,1,1,477,960,18687,1712
mqyqingfeng/Blog,0.7115,1.7687,0.051012,0.2115,11.2432,0.25,2.4858,1,0,4686,361,31045,336
Flowseal/zapret-discord-youtube,4.9038,6.1151,0.068001,0.6346,5.098,1.9286,1.247,0,1,1091,4148,15830,252
withfig/autocomplete,0.3846,1.9724,-0.038333,0.0769,36.4,0.0,5.1284,1,1,5507,525,24995,4897
vulhub/vulhub,4.6731,15.5832,-0.364083,0.4423,22.8971,0.25,3.3347,1,1,4681,201,19432,2463
datalab-to/marker,8.3077,8.9926,-0.328695,0.8077,3.7315,0.0,1.0824,1,1,1843,563,28313,1257
AUTOMATIC1111/stable-diffusion-webui,0.0,0.0,0.0,0.0,0.0,0.0,0.0,1,1,28953,7834,156061,7689
microsoft/semantic-kernel,16.4038,13.2175,-0.727525,0.9615,2.8652,0.4,0.8058,1,1,4172,4652,25985,4729
clockworklabs/SpacetimeDB,23.3654,13.6791,0.3021,1.0,3.0387,1.7532,0.5854,1,1,597,1059,17378,2380
libgdx/libgdx,2.5769,3.2483,-0.08068,0.6731,4.6567,3.0,1.2606,1,1,6502,3823,24311,15543
YMFE/yapi,0.0,0.0,0.0,0.0,0.0,0.0,0.0,1,1,4831,2459,27665,5802
shadps4-emu/shadPS4,19.2115,10.7906,-0.327542,1.0,2.6026,0.6279,0.5617,1,1,1705,1087,26048,3332
pingcap/tidb,37.2308,11.1193,-0.180825,1.0,1.5579,0.2828,0.2987,1,1,6008,21344,38962,26770
so-fancy/diff-so-fancy,0.1346,0.8327,-0.004738,0.0385,44.5714,0.0,6.1859,1,1,335,292,17788,733
plotly/plotly.py,14.8846,14.1172,-0.591394,0.8846,4.6357,1.4286,0.9484,1,1,2706,3245,17671,8192
gyoogle/tech-interview-for-developer,0.0385,0.1923,-0.002305,0.0385,26.0,0.0,5.0,1,1,3672,46,16429,845
mjmlio/mjml,1.4231,2.9765,0.043712,0.3654,9.8378,0.0,2.0916,1,1,979,2065,17619,2424
Genymobile/scrcpy,1.7115,1.9839,-0.048877,0.6538,4.6742,0.0,1.1592,1,1,11931,5638,127337,2851
anthropics/courses,0.0962,0.3541,0.002006,0.0769,20.8,0.0,3.6824,1,1,1539,29,17005,53
josephmisiti/awesome-machine-learning,2.2692,3.247,0.007342,0.6923,8.3729,0.0,1.4309,1,1,15065,93,69524,2040
OpenBB-finance/OpenBB,3.2885,2.3067,-0.004311,0.8846,3.0409,1.3333,0.7014,1,1,4871,2245,51730,6715
DrKLO/Telegram,0.5769,1.261,0.004354,0.25,12.1333,1000000000.0,2.1858,1,1,8889,0,27450,552
DataExpert-io/data-engineer-handbook,1.3654,2.6241,-0.034705,0.4615,9.5211,0.0,1.9219,1,0,7162,77,37381,467
521xueweihan/git-tips,0.0,0.0,0.0,0.0,0.0,0.0,0.0,1,0,3259,30,15814,71
SheetJS/sheetjs,0.0,0.0,0.0,0.0,0.0,0.0,0.0,1,1,8001,2386,35880,770
Caldis/Mos,4.7885,8.2447,0.204943,0.5577,8.3534,0.1628,1.7218,1,1,559,666,17359,477
remix-run/remix,19.7115,20.5045,0.452361,0.9231,4.8702,0.9231,1.0402,1,1,2678,2608,31585,7089
alex/what-happens-when,0.0,0.0,0.0,0.0,0.0,0.0,0.0,1,0,5721,293,42244,294
alibaba/arthas,2.25,3.7152,0.063306,0.4808,7.5556,0.3333,1.6512,1,1,7574,2094,36667,2074
pedroslopez/whatsapp-web.js,3.0769,5.6902,0.040382,0.5192,10.4,0.0357,1.8493,1,1,4363,2713,17962,788
suno-ai/bark,0.0,0.0,0.0,0.0,0.0,0.0,0.0,1,1,4605,470,38433,83
PowerShell/PowerShell,8.8269,7.4051,-4.3e-05,0.9038,4.4183,2.2727,0.8389,1,1,7819,13036,48325,11092
elizaOS/eliza,178.0385,158.8148,-8.128746,0.9808,3.7857,2.0417,0.892,1,1,5304,1283,16730,15800
v2ray/v2ray-core,0.0,0.0,0.0,0.0,0.0,0.0,0.0,1,1,8904,2591,46349,5389
openai/openai-cookbook,6.4808,5.4367,-0.079271,0.9615,4.0119,2.0,0.8389,1,1,11233,601,67587,1247
akveo/ngx-admin,0.0,0.0,0.0,0.0,0.0,0.0,0.0,1,1,7993,1756,25676,554
briannesbitt/Carbon,5.6154,5.4953,0.02493,0.8846,3.5616,1.7143,0.9786,1,1,1295,1406,16641,4475
alibaba/ice,0.9423,1.6918,-0.055793,0.3462,7.4286,0.0,1.7953,1,1,2128,3199,18589,3292
ionic-team/ionic-framework,7.0962,5.8712,-0.133826,0.9038,4.3686,5.5,0.8274,1,1,13438,22062,52016,14269
aishwaryanr/awesome-generative-ai-guide,2.8269,7.4414,0.14279,0.3269,14.8571,0.0,2.6323,1,1,3321,13,15907,296
joshbuchea/HEAD,0.0385,0.1923,-0.001195,0.0385,26.0,0.0,5.0,1,0,1935,93,30220,369
goabstract/Awesome-Design-Tools,0.0,0.0,0.0,0.0,0.0,0.0,0.0,1,1,2150,45,37746,1649
nondanee/UnblockNeteaseMusic,0.0,0.0,0.0,0.0,0.0,0.0,0.0,1,1,2492,792,17476,413
algorithm-visualizer/algorithm-visualizer,0.0,0.0,0.0,0.0,0.0,0.0,0.0,1,1,7408,118,47671,668
cure53/DOMPurify,2.1731,2.225,-0.028046,0.6923,3.6814,3000000000.0,1.0239,1,1,793,650,15775,2160
langchain-ai/langgraph,42.9038,41.2088,-2.191369,1.0,4.6383,3.9333,0.9605,1,1,3086,966,17992,6215
tj/commander.js,1.4808,1.9757,-0.017801,0.5192,4.7273,0.0,1.3343,1,1,1723,1139,27586,1436
protocolbuffers/protobuf,44.7308,14.986,-0.271066,1.0,2.2803,0.8391,0.335,1,1,15856,6653,68926,21398
chubin/cheat.sh,0.1731,0.9751,-0.001494,0.0577,40.4444,0.0,5.6339,1,1,1862,259,40119,922
cocos2d/cocos2d-x,0.0,0.0,0.0,0.0,0.0,0.0,0.0,1,0,7072,4976,18705,37362
joewalnes/websocketd,0.0,0.0,0.0,0.0,0.0,0.0,0.0,1,1,1015,329,17405,320
tonsky/FiraCode,0.2308,0.5044,-0.007001,0.1923,8.6667,0.0,2.1858,1,1,3174,1365,80018,612
opentofu/manifesto,0.0385,0.1923,-0.004098,0.0385,26.0,0.0,5.0,1,1,1068,26,36077,2116
pluja/awesome-privacy,1.4038,2.7474,0.00175,0.4615,9.9726,2.0,1.9571,1,1,661,186,16496,833
fastapi/sqlmodel,8.6346,9.3788,0.251985,0.7308,4.7483,1.3,1.0862,1,1,752,342,16676,752
ahmetb/kubectx,0.0,0.0,0.0,0.0,0.0,0.0,0.0,1,1,1325,243,18956,260
nylas/nylas-mail,0.0,0.0,0.0,0.0,0.0,0.0,0.0,1,1,1383,3423,24817,6116
LC044/WeChatMsg,0.1731,0.7776,0.001153,0.0577,28.8889,0.0,4.4928,0,0,4436,0,39941,4
FoundationAgents/OpenManus,10.1154,30.6115,-0.93853,0.5577,16.4106,0.0,3.0262,1,1,8639,706,49319,483
schollz/croc,2.0385,3.0757,0.019124,0.5385,6.8679,2.0,1.5088,1,1,1233,540,30968,2132
fffaraz/awesome-cpp,1.0769,1.1067,-0.006403,0.6346,3.7143,1500000000.0,1.0277,1,1,8089,583,66021,1946
ghostty-org/ghostty,98.3462,41.8527,1.256382,1.0,2.0946,1.8066,0.4256,1,1,1032,1805,34922,11949
styled-components/styled-components,1.6923,5.4651,0.09451,0.25,21.8636,0.4,3.2294,1,1,2517,2953,40898,3654
IDEA-Research/Grounded-Segment-Anything,0.0,0.0,0.0,0.0,0.0,0.0,0.0,1,1,1529,412,16850,300
DefinitelyTyped/DefinitelyTyped,38.9615,17.8681,-0.523179,1.0,2.4383,0.8873,0.4586,1,1,30484,8088,50264,89989
javascript-tutorial/en.javascript.info,0.6923,1.7709,-0.029967,0.1923,14.4444,2000000000.0,2.558,1,1,3968,944,24703,6545
commaai/openpilot,38.6923,22.8301,-0.018014,1.0,2.9722,2.0319,0.59,1,1,10089,3066,55951,15799
iv-org/invidious,5.3654,10.7561,-0.108128,0.6731,10.6237,0.4,2.0047,1,1,1999,3981,17814,5659
carloscuesta/gitmoji,1.1154,1.7937,-0.0035,0.4231,7.1724,0.0,1.6082,1,1,815,583,16461,1269
goldbergyoni/nodebestpractices,0.0192,0.1373,-0.001665,0.0192,52.0,0.0,7.1414,1,1,10591,328,104035,3916
triton-lang/triton,43.4615,11.8475,-0.246905,1.0,1.6336,0.9881,0.2726,1,1,2222,1879,16727,4763
kubernetes-sigs/kubespray,10.7885,7.0256,-0.129813,1.0,2.7807,1.0357,0.6512,1,1,6739,4377,17509,8502
vercel/ai-chatbot,3.1923,4.8913,-0.047725,0.5192,6.8916,1000000000.0,1.5322,1,1,5392,451,17712,512
bannedbook/fanqiang,0.9038,1.2899,0.007214,0.4615,5.5319,0.0,1.4271,1,0,7381,796,40357,1376
forwardemail/superagent,0.8846,3.3492,0.008964,0.1731,22.6087,0.0,3.7861,1,1,1329,1101,16632,1950
jordan-cutler/path-to-senior-engineer-handbook,0.0962,0.4048,-0.008666,0.0577,20.8,0.0,4.2095,1,1,1436,8,15884,90
rrweb-io/rrweb,0.4231,1.0256,0.0251,0.1923,11.8182,0.5714,2.4241,1,1,1549,943,18497,1290
netbirdio/netbird,14.0385,5.463,0.037394,1.0,2.0658,2.0769,0.3891,1,1,856,1964,18330,2309
realpython/python-guide,0.0,0.0,0.0,0.0,0.0,0.0,0.0,1,1,5889,279,29192,2328
yangshun/front-end-interview-handbook,1.2115,3.4437,-0.043584,0.4038,19.8095,1.0,2.8424,1,1,5941,102,43477,828
thedaviddias/Front-End-Performance-Checklist,0.0192,0.1373,-0.001921,0.0192,52.0,0.0,7.1414,1,1,1245,34,17054,224
ish-app/ish,1.6731,0.9946,-0.009861,0.8462,2.9885,2.0,0.5945,1,1,1123,1980,18440,4198
ReactiveX/rxjs,0.0,0.0,0.0,0.0,0.0,0.0,0.0,1,1,3005,3160,31436,5461
ray-project/ray,100.0385,22.1862,0.01699,1.0,1.5894,0.7162,0.2218,1,1,6749,21003,38724,26773
decaporg/decap-cms,1.6538,2.1112,0.037053,0.5962,6.6512,2.25,1.2765,1,1,3089,3122,18554,4412
typeorm/typeorm,5.8846,4.9406,0.073423,0.8654,3.3987,5.5,0.8396,1,1,6436,8409,35736,5575
sweetalert2/sweetalert2,3.0192,4.012,0.058525,0.7115,6.6242,2.0,1.3288,1,1,1638,1689,17907,3348
realm/realm-swift,0.6154,1.6659,0.019722,0.1923,16.25,5000000000.0,2.7071,1,1,2200,5473,16540,12456
vxunderground/MalwareSourceCode,0.0385,0.1923,0.0,0.0385,26.0,0.0,5.0,1,0,1946,70,17144,913
Kong/kong,1.9423,3.2958,-0.120166,0.6154,11.3267,0.0,1.6968,1,1,4969,4561,41645,11238
beego/beego,0.2692,0.6826,-0.022454,0.1731,11.1429,0.0,2.5355,1,1,5629,3374,32225,4833
freefq/free,0.0,0.0,0.0,0.0,0.0,0.0,0.0,1,0,5702,737,38129,8115
kingToolbox/WindTerm,0.0,0.0,0.0,0.0,0.0,0.0,0.0,1,0,2161,2751,27832,105
trekhleb/homemade-machine-learning,0.0192,0.1373,0.001067,0.0192,52.0,0.0,7.1414,1,1,4101,27,23666,254
RikkaApps/Shizuku,0.4038,1.746,-0.026253,0.0962,29.7143,0.0,4.3234,1,1,1215,700,16700,1091
scutan90/DeepLearning-500-questions,0.0,0.0,0.0,0.0,0.0,0.0,0.0,1,1,15980,191,56507,1275
PhilJay/MPAndroidChart,0.0192,0.1373,-0.000982,0.0192,52.0,0.0,7.1414,1,1,9052,4964,38106,2072
CamDavidsonPilon/Probabilistic-Programming-and-Bayesian-Methods-for-Hackers,0.0,0.0,0.0,0.0,0.0,0.0,0.0,1,1,7936,248,27815,1119
NationalSecurityAgency/ghidra,49.7115,17.2218,-0.183087,1.0,1.9513,0.8308,0.3464,1,1,6660,5549,59840,15440
facebook/rocksdb,9.9038,5.0202,0.038718,1.0,2.6252,1.7692,0.5069,1,1,6595,3408,30418,13416
SeleniumHQ/selenium,27.9231,17.2859,0.111756,1.0,3.1157,1.0517,0.6191,1,1,8571,10949,33076,33387
Leaflet/Leaflet,4.8077,5.133,-0.022368,0.8077,5.616,1.6667,1.0677,1,1,5996,5281,43512,7975
ai/nanoid,0.6731,1.5282,-0.033339,0.3077,10.4,1000000000.0,2.2705,1,1,823,247,26046,1143
Cinnamon/kotaemon,0.3269,1.2515,-0.02557,0.0769,21.4118,0.0,3.8281,1,1,1866,441,22990,323
pandas-dev/pandas,24.6538,14.2557,0.710151,1.0,2.5148,0.7935,0.5782,1,1,18869,27682,46449,36375
jitsi/jitsi-meet,15.3654,6.8276,-0.190771,1.0,2.408,1.75,0.4444,1,1,7396,6730,26970,13355
go-delve/delve,3.5962,3.0272,-0.009605,0.8462,4.1711,0.75,0.8418,1,1,2182,1804,24174,2844
httpie/cli,0.0,0.0,0.0,0.0,0.0,0.0,0.0,1,1,3758,902,36489,1797
TabbyML/tabby,6.25,10.4474,-0.489243,0.6923,7.36,0.0,1.6716,1,1,1577,944,32021,3673
woltapp/blurhash,0.0,0.0,0.0,0.0,0.0,0.0,0.0,1,1,374,71,16619,377
GitbookIO/gitbook,18.8654,10.4145,-0.314138,0.9808,2.7034,2.04,0.552,1,1,4003,1912,28245,1532
microsoft/terminal,6.0385,3.6266,0.034065,0.9615,2.9809,1.3333,0.6006,1,1,8722,13485,99807,4697
karpathy/llama2.c,0.0,0.0,0.0,0.0,0.0,0.0,0.0,1,1,2339,227,18719,523
jgraph/drawio-desktop,2.25,3.5835,0.034534,0.5385,7.1111,2.2,1.5927,1,1,5398,1639,56537,977
kubernetes/kubernetes,137.1923,63.3328,-0.600615,1.0,2.092,0.7826,0.4616,1,1,41266,47740,117187,132194
nektos/act,1.0577,1.486,-0.042645,0.5192,6.6182,1.0,1.4049,1,1,1725,1283,65470,1295
ElemeFE/mint-ui,0.0,0.0,0.0,0.0,0.0,0.0,0.0,1,1,3527,1226,16524,304
netty/netty,16.0385,10.8006,-0.308546,0.9808,2.8058,2.3333,0.6734,1,1,16144,6720,34392,13707
microsoft/autogen,8.1538,10.2589,-0.572782,0.5769,4.2925,0.0,1.2582,1,1,7523,2863,49256,3760
casbin/casbin,1.0385,1.5807,0.031503,0.4615,5.7778,0.0,1.5221,1,1,1687,856,19073,1127
hiroi-sora/Umi-OCR,1.1923,4.8597,-0.113208,0.1346,24.3226,0.0,4.0759,1,1,3600,784,36376,1265
ranaroussi/yfinance,4.2692,5.1669,-0.093827,0.7692,5.3874,3.0,1.2103,1,1,2791,1614,18877,1606
upptime/upptime,58.2308,4.0078,0.045676,1.0,1.2536,1.0,0.0688,1,1,973,336,16473,17235
imthenachoman/How-To-Secure-A-Linux-Server,0.0,0.0,0.0,0.0,0.0,0.0,0.0,1,1,1235,75,19469,254
reflex-dev/reflex,12.5,8.6391,-0.41407,0.9615,3.2,11.0,0.6911,1,1,1527,2086,25716,2717
stanford-oval/storm,0.0962,0.4048,-0.003714,0.0577,20.8,0.0,4.2095,1,1,2449,222,27210,236
testing-library/react-testing-library,0.2308,0.7994,0.004098,0.1154,21.6667,0.0,3.4641,1,1,1136,824,19380,534
jellyfin/jellyfin,22.9423,11.1328,-0.11436,1.0,2.4409,1.0968,0.4853,1,1,3851,7293,43050,27701
reduxjs/redux-thunk,0.0769,0.5493,-0.008025,0.0192,52.0,0.0,7.1414,1,1,1034,214,17754,236
jquense/yup,0.25,1.1747,-0.001153,0.0577,28.0,0.0,4.6986,1,1,943,1754,23537,798
openai/gym,0.0,0.0,0.0,0.0,0.0,0.0,0.0,1,1,8689,1838,36431,1757
langfuse/langfuse,51.7692,18.9327,0.284812,1.0,2.2793,1.8904,0.3657,1,1,1445,1702,15636,4932
containrrr/watchtower,0.0192,0.1373,0.001323,0.0192,52.0,0.0,7.1414,1,1,1005,892,23304,923
NickeManarin/ScreenToGif,0.8077,2.646,-0.019636,0.1923,21.0476,0.0,3.276,1,1,2286,1036,25587,1323
karpathy/llm.c,0.0577,0.3047,-0.004653,0.0385,34.6667,0.0,5.281,1,1,3169,157,27513,1536
google/zx,4.6731,5.2723,-0.147059,0.7308,4.4938,4.5,1.1282,1,1,1162,490,44559,959
huggingface/candle,5.3269,4.0035,-0.008836,0.9808,3.7545,1.5,0.7516,1,1,1202,885,17983,2418
k88hudson/git-flight-rules,0.0385,0.1923,-0.000939,0.0385,26.0,0.0,5.0,1,1,3209,73,42432,452
astral-sh/uv,49.8077,18.323,-0.15248,1.0,2.2486,0.9732,0.3679,1,1,1956,7440,66339,7367
alibaba/weex,0.0385,0.1923,0.001964,0.0385,26.0,0.0,5.0,1,1,2135,1955,18517,12046
carbon-app/carbon,0.0,0.0,0.0,0.0,0.0,0.0,0.0,1,1,1961,687,35665,1883
Micropoor/Micro8,0.0,0.0,0.0,0.0,0.0,0.0,0.0,1,0,6740,46,18107,127
facebookresearch/faiss,6.7308,4.8561,0.062665,0.9808,3.4171,1.16,0.7215,1,1,4017,2675,36858,1578
rxhanson/Rectangle,1.2692,2.1672,0.015624,0.4423,6.303,4.0,1.7075,1,1,854,690,27512,1315
qinguoyi/TinyWebServer,0.0,0.0,0.0,0.0,0.0,0.0,0.0,1,1,4145,257,18553,165
lib-pku/libpku,0.0,0.0,0.0,0.0,0.0,0.0,0.0,1,0,8300,43,32745,132
Dokploy/dokploy,52.1923,31.9489,0.060958,1.0,2.874,0.6667,0.6121,1,1,1342,1011,24006,4028
typicode/json-server,0.8654,2.2104,0.074746,0.25,11.5556,9.5,2.5542,1,1,7208,1170,74849,976
EthicalML/awesome-production-machine-learning,2.9038,8.6675,-0.121446,0.5962,21.6954,0.0,2.9848,1,1,2403,87,19078,1136
sindresorhus/awesome,0.7308,2.0392,-0.007769,0.3077,15.0526,0.0,2.7905,1,1,31414,354,396445,1173
yuaotian/go-cursor-help,0.6346,2.3699,0.059378,0.0962,22.0606,0.0,3.7344,1,1,2954,537,24427,398
yabwe/medium-editor,0.0,0.0,0.0,0.0,0.0,0.0,0.0,1,1,1854,948,16112,2621
catppuccin/catppuccin,3.0,3.7826,-0.141467,0.5577,4.6667,1000000000.0,1.2609,1,1,323,537,17325,1106
NARKOZ/hacker-scripts,0.0,0.0,0.0,0.0,0.0,0.0,0.0,1,0,6636,88,48654,150
google-gemini/gemini-fullstack-langgraph-quickstart,0.8654,3.5574,-0.04384,0.0769,23.1111,0.0,4.1108,1,1,2794,51,16591,45
conventional-changelog/commitlint,5.2885,5.5482,-0.171903,0.75,5.1055,0.1765,1.0491,1,1,942,681,17864,3087
penpot/penpot,83.7115,29.1273,0.275292,1.0,2.1144,1.1429,0.3479,1,1,2174,1925,40050,18458
PlexPt/awesome-chatgpt-prompts-zh,0.0,0.0,0.0,0.0,0.0,0.0,0.0,1,1,13557,96,56056,178
kelseyhightower/kubernetes-the-hard-way,0.1731,1.1046,-0.015666,0.0385,46.2222,0.0,6.3819,1,1,15133,428,45595,296
v2fly/v2ray-core,3.75,6.1359,0.019935,0.6538,10.4,6.0,1.6362,1,1,4873,1042,31894,6765
ValdikSS/GoodbyeDPI,0.0577,0.2332,0.001836,0.0577,17.3333,0.0,4.0415,1,1,2038,725,27104,248
astral-sh/ruff,89.1923,17.8703,0.173568,1.0,1.5809,0.7992,0.2004,1,1,1510,7162,42115,11991
ageitgey/face_recognition,0.0,0.0,0.0,0.0,0.0,0.0,0.0,1,1,13669,1370,55352,238
expressjs/express,1.9423,1.9455,0.003799,0.75,4.1188,0.5714,1.0017,1,1,20500,3993,67621,6079
NginxProxyManager/nginx-proxy-manager,12.6154,20.2552,0.657048,0.8462,7.5305,0.9714,1.6056,1,1,3244,3001,28262,1730
tldr-pages/tldr,91.2692,38.881,1.274311,1.0,1.9503,0.879,0.426,1,1,4698,1526,59083,18773
telegramdesktop/tdesktop,53.7885,23.1087,0.553018,1.0,1.9521,0.1783,0.4296,1,1,5803,15259,28408,20495
tw93/Pake,9.6346,14.7323,0.272987,0.6538,7.1617,0.8125,1.5291,1,1,7779,406,41860,1642
nushell/nushell,20.9423,7.0776,-0.064586,1.0,1.719,1.1702,0.338,1,1,1916,6658,36260,10573
openai/CLIP,0.0192,0.1373,0.002092,0.0192,52.0,500000000.0,7.1414,1,1,3726,435,30488,56
xx025/carrot,0.0192,0.1373,0.001494,0.0192,52.0,0.0,7.1414,1,0,1449,815,17045,726
deepspeedai/DeepSpeed,7.1538,3.7845,-0.014428,0.9808,2.3763,1.4444,0.529,1,1,4531,3186,39924,2894
ryanhanwu/How-To-Ask-Questions-The-Smart-Way,0.0,0.0,0.0,0.0,0.0,0.0,0.0,1,1,5728,29,33418,356
square/retrofit,5.6346,3.5682,-0.001153,0.9615,3.727,0.3636,0.6333,1,1,7337,2749,43700,2610
BurntSushi/ripgrep,2.4615,6.8485,0.018441,0.5577,19.0937,1000000000.0,2.7822,1,1,2232,1714,54969,2060
krishnadey30/LeetCode-Questions-CompanyWise,0.0,0.0,0.0,0.0,0.0,0.0,0.0,1,0,5322,20,18242,9
mikeroyal/Self-Hosting-Guide,0.2308,1.0118,-0.012379,0.0962,30.3333,0.0,4.3843,1,0,819,28,16296,639
handlebars-lang/handlebars.js,0.0385,0.1923,-0.000768,0.0385,26.0,0.0,5.0,1,1,2050,1395,18393,2048
gorhill/uBlock,16.8269,10.1351,-0.378511,1.0,2.6149,0.1818,0.6023,1,1,3686,3445,58083,13513
babel/babel,9.5769,6.692,-0.019892,0.9808,2.9237,0.9032,0.6988,1,1,5744,8996,43717,18159
tc39/proposals,0.5192,2.5682,0.048792,0.0577,30.8148,0.0,4.9462,1,0,739,104,18898,1099
microsoft/fluentui,23.7308,11.153,-0.479211,1.0,2.107,0.9474,0.47,1,1,2821,13399,19509,19893
drawdb-io/drawdb,4.5192,3.2373,-0.05067,0.9423,3.5404,0.4286,0.7163,1,1,2388,245,32466,1002
JetBrains/kotlin,213.4423,61.966,-1.180611,1.0,1.7991,0.477,0.2903,1,0,6002,0,51191,128475
shengxinjing/programmer-job-blacklist,0.0,0.0,0.0,0.0,0.0,0.0,0.0,1,1,1799,338,28459,188
android/architecture-samples,0.0577,0.2332,-0.003714,0.0577,17.3333,0.0,4.0415,1,1,11797,487,45263,830
oblador/react-native-vector-icons,1.8077,4.5406,-0.041065,0.2885,14.383,1000000000.0,2.5118,1,1,2118,1322,17709,1319
FlowiseAI/Flowise,9.8077,7.0001,0.005037,0.9615,3.7725,2.5263,0.7137,1,1,22109,2266,43167,3121
moment/luxon,0.6923,1.6471,-0.031503,0.1923,11.5556,0.0,2.3792,1,1,761,1137,16085,1274
phaserjs/phaser,1.1154,3.1173,-0.106463,0.1731,14.3448,0.0,2.7948,1,1,7119,4554,38317,20083
floating-ui/floating-ui,2.1923,3.5248,-0.106975,0.4038,5.0175,4000000000.0,1.6078,1,1,1646,1457,31686,2396
servo/servo,83.5192,18.3759,0.55242,1.0,1.5086,1.0204,0.22,1,1,3238,14063,31379,52655
gravitational/teleport,75.1154,15.2727,-0.15709,1.0,1.3579,0.7437,0.2033,1,1,1911,11532,19085,23714
acmesh-official/acme.sh,9.5577,9.018,0.04956,0.8462,3.8712,0.0,0.9435,1,1,5343,3321,43829,6000
agarrharr/awesome-cli-apps,1.3462,3.9994,0.037309,0.2885,17.0857,0.6667,2.971,1,0,979,90,17382,696
gulpjs/gulp,0.1346,0.8327,-0.004397,0.0385,44.5714,0.0,6.1859,1,1,4209,1937,33063,1212
jonasschmedtmann/complete-javascript-course,0.0,0.0,0.0,0.0,0.0,0.0,0.0,1,0,17421,185,16712,12
cloudcommunity/Free-Certifications,0.0192,0.1373,-0.00047,0.0192,52.0,0.0,7.1414,1,1,2572,107,37626,329
MichaelCade/90DaysOfDevOps,0.0385,0.1923,-0.002732,0.0385,26.0,0.0,5.0,1,1,6482,89,28321,2000
quantopian/zipline,0.0,0.0,0.0,0.0,0.0,0.0,0.0,1,1,4888,987,18887,6226
microsoft/AirSim,0.0192,0.1373,-0.001238,0.0192,52.0,0.0,7.1414,1,1,4767,3404,17445,3561
Klocman/Bulk-Crap-Uninstaller,0.5,2.8182,-0.022112,0.0577,40.0,0.0,5.6364,1,1,713,569,15727,1601
Olshansk/interview,0.0,0.0,0.0,0.0,0.0,0.0,0.0,1,1,3722,51,18179,144
apache/superset,45.6731,23.7889,0.874456,1.0,2.5617,0.8146,0.5209,1,1,15569,11659,67810,17558
USTC-Resource/USTC-Course,0.0962,0.6867,-0.00064,0.0192,52.0,0.0,7.1414,1,0,3512,13,15719,94
apache/flink,17.8462,6.8089,-0.071118,1.0,1.8491,1.1143,0.3815,1,1,13763,0,25199,37064
strapi/strapi,18.8462,9.1323,-0.078716,1.0,2.0163,0.9268,0.4846,1,1,8902,11218,69371,36326
withastro/astro,28.8077,15.2114,0.481004,1.0,2.4299,1.0364,0.528,1,1,2868,5580,53101,12058
istio/istio,25.1731,8.2269,-0.310467,1.0,1.8273,2.0,0.3268,1,1,8054,21178,37201,25348
darius-khll/golang-developer-roadmap,0.0,0.0,0.0,0.0,0.0,0.0,0.0,1,0,2192,45,18357,131
arialdomartini/Back-End-Developer-Interview-Questions,0.0,0.0,0.0,0.0,0.0,0.0,0.0,1,1,1987,26,16072,390
charmbracelet/vhs,1.0769,1.6272,-0.045676,0.5577,7.4286,1000000000.0,1.511,1,1,307,233,17173,721
restic/restic,12.3462,17.8712,-0.016136,0.7885,5.8318,0.5172,1.4475,1,1,1629,2817,29847,8999
ultralytics/yolov5,1.1923,1.7655,-0.009647,0.5,6.7097,0.0,1.4807,1,1,17157,9432,55166,2914
meta-llama/llama-cookbook,5.5769,9.2515,-0.252455,0.6154,10.0414,0.0,1.6589,1,1,2593,438,17792,2209
233boy/v2ray,0.0962,0.2948,-4.3e-05,0.0962,10.4,0.0,3.0659,1,1,16563,1318,26846,199
browserbase/stagehand,15.2885,8.7185,0.194698,1.0,2.6164,2.08,0.5703,1,1,1008,224,16686,597
slab/quill,0.1923,1.3734,-0.003842,0.0192,52.0,0.0,7.1414,1,1,3553,3775,46019,5752
baomidou/mybatis-plus,2.2308,3.1232,-0.114061,0.5769,5.8276,0.0,1.4001,1,1,4415,5651,17088,6118
explosion/spaCy,0.9808,2.6996,0.00047,0.2115,13.2549,0.0,2.7526,1,1,4574,5719,32385,16246
anthropics/claude-code,10.2115,7.3937,0.257961,0.9231,3.0358,1.2581,0.7241,1,0,1933,6744,32125,207
vadimdemedes/ink,2.6538,4.0186,0.11722,0.6154,7.1594,1.6316,1.5143,1,1,726,378,31098,635
zhayujie/chatgpt-on-wechat,3.7308,10.7723,0.125758,0.4038,20.1031,0.3068,2.8874,1,1,9404,2002,38738,1365
agalwood/Motrix,0.0,0.0,0.0,0.0,0.0,0.0,0.0,1,1,4708,1340,49031,1170
surrealdb/surrealdb,11.6154,7.6111,0.152907,1.0,3.9603,2.2963,0.6553,1,1,1042,2169,29963,3910
gitlabhq/gitlabhq,45.4231,5.3326,-0.025527,1.0,1.1228,0.9588,0.1174,1,1,5765,0,24069,115699
aristocratos/btop,6.0385,5.8308,0.096303,0.8846,3.9745,0.4167,0.9656,1,1,791,759,26640,1288
getzola/zola,2.7692,3.4841,0.055238,0.8269,7.2222,0.6667,1.2582,1,1,1065,1628,15817,2346
torvalds/linux,1550.6923,449.1878,-15.4425,1.0,1.3729,0.2156,0.2897,1,1,57534,0,201105,1382660
facebookresearch/detectron2,0.3077,0.7731,-0.006659,0.1923,13.0,0.0,2.5125,1,1,7768,3557,32665,1552
postcss/postcss,0.7692,1.409,-0.039785,0.3269,7.8,500000000.0,1.8317,1,1,1581,1025,28864,4160
assafelovic/gpt-researcher,10.0192,11.4396,-0.416588,0.9231,5.3896,0.4138,1.1418,1,1,3074,585,23255,2719
tusen-ai/naive-ui,5.9808,19.7577,-0.101298,0.5192,23.4084,0.9231,3.3035,1,1,1816,3459,17634,9114
PostHog/posthog,273.4808,96.895,4.528259,1.0,2.1574,1.0525,0.3543,1,1,1887,7768,28810,27474
hpcaitech/ColossalAI,3.1731,5.2062,-0.176599,0.5769,7.8788,0.0,1.6407,1,1,4526,1727,41121,3959
notable/notable,0.0,0.0,0.0,0.0,0.0,0.0,0.0,1,0,1173,1650,23274,460
danielmiessler/SecLists,41.9423,8.1746,-0.082601,1.0,1.7166,0.8421,0.1949,1,1,24584,298,65326,5350
highlightjs/highlight.js,0.4808,1.1847,-0.033168,0.1923,12.48,0.0,2.4641,1,1,3683,2178,24580,6702
cmderdev/cmder,2.0769,8.3432,0.090925,0.2692,28.4074,3500000000.0,4.0171,1,1,2071,2294,26536,1723
Molunerfinn/PicGo,1.4038,2.6693,0.09498,0.3654,8.5479,0.1818,1.9014,1,1,2291,1229,25591,536
tloen/alpaca-lora,0.0,0.0,0.0,0.0,0.0,0.0,0.0,1,1,2220,471,18956,152
coder2gwy/coder2gwy,0.0,0.0,0.0,0.0,0.0,0.0,0.0,1,0,3725,157,27346,58
google/material-design-lite,0.0,0.0,0.0,0.0,0.0,0.0,0.0,1,1,4974,2194,32261,2872
jamiebuilds/react-loadable,0.0,0.0,0.0,0.0,0.0,0.0,0.0,1,1,776,0,16583,220
apache/arrow,26.0962,9.1657,0.096346,1.0,2.031,0.7903,0.3512,1,1,3834,26770,15891,17901
instillai/TensorFlow-Course,0.0,0.0,0.0,0.0,0.0,0.0,0.0,1,1,3176,12,16364,227
dotnet/aspnetcore,24.4423,11.0164,-0.177623,1.0,2.2093,1.175,0.4507,1,1,10430,37659,37024,55401
labuladong/fucking-algorithm,0.0,0.0,0.0,0.0,0.0,0.0,0.0,1,0,23419,921,129155,516
CorentinJ/Real-Time-Voice-Cloning,0.0962,0.4498,0.003202,0.0577,31.2,0.0,4.6776,1,1,9063,1101,54929,298
mbadolato/iTerm2-Color-Schemes,3.25,8.2715,0.034022,0.7115,17.5385,0.0,2.5451,1,1,6490,124,25968,831
openai/whisper,0.2308,1.1027,-0.011184,0.0577,30.3333,0.0,4.7784,1,1,10835,0,87495,166
syl20bnr/spacemacs,7.5962,5.7387,-0.185819,0.9423,2.8962,0.4,0.7555,1,1,4881,8671,24305,13456
bcicen/ctop,0.0,0.0,0.0,0.0,0.0,0.0,0.0,1,1,567,248,16814,628
coze-dev/coze-studio,7.4038,16.0231,0.004653,0.5192,10.9403,0.0,2.1642,1,1,2198,627,16274,259
bitcoin/bitcoin,66.4423,21.6523,-0.274524,1.0,2.2576,0.6111,0.3259,1,1,37691,8694,85286,45988
pouchdb/pouchdb,1.5385,2.6708,-0.004866,0.4423,9.1,4.0,1.736,1,1,1490,4346,17376,5262
slidevjs/slidev,4.6923,4.9635,0.053189,0.7692,4.6885,0.625,1.0578,1,1,1644,1220,39598,2798
plausible/analytics,13.6923,7.0015,-0.216938,0.9808,2.5562,1.2222,0.5113,1,1,1268,749,23229,3755
keycloak/keycloak,51.6538,14.1963,-0.250149,1.0,1.7617,0.7559,0.2748,1,1,7567,15339,29309,28966
qier222/YesPlayMusic,0.25,0.7037,0.000384,0.1346,12.0,0.0,2.8148,1,1,4644,1799,31587,721
mindsdb/mindsdb,22.0577,15.9837,0.169769,1.0,4.2162,0.3636,0.7246,1,1,5732,4308,35481,19634
barry-ran/QtScrcpy,0.5769,1.6331,-0.01477,0.2308,17.3333,0.0,2.8308,1,1,3179,952,25788,812
mihomo-party-org/clash-party,7.0962,9.4264,0.197857,0.7885,6.9051,0.7,1.3284,1,1,1211,950,15740,884
ityouknow/spring-boot-examples,0.0,0.0,0.0,0.0,0.0,0.0,0.0,1,0,12350,109,30585,213
quasarframework/quasar,3.7115,7.5888,-0.161999,0.4038,12.1244,0.0,2.0447,1,1,3650,8013,26830,15026
deepseek-ai/DeepSeek-V3,0.3269,1.0138,-0.021472,0.1154,15.2941,0.0,3.101,0,1,16163,601,99082,73
pulumi/pulumi,32.9231,10.9647,-0.115427,1.0,1.7009,0.7664,0.333,1,1,1230,8448,23679,13858
enaqx/awesome-pentest,0.2115,0.8624,0.006531,0.1154,28.3636,0.0,4.0767,1,0,4621,41,23833,861
MoienTajik/AspNetCore-Developer-Roadmap,0.0577,0.3047,0.002519,0.0385,34.6667,0.0,5.281,1,0,2548,73,19324,195
google/flexbox-layout,0.0,0.0,0.0,0.0,0.0,0.0,0.0,1,1,1807,336,18346,370
mitmproxy/mitmproxy,4.1923,5.0727,-0.051396,0.6538,5.4862,0.0,1.21,1,1,4283,3567,40332,11012
goharbor/harbor,5.4038,4.9933,-0.023692,0.9808,4.6263,0.2381,0.924,1,1,4946,11949,26323,12472
evanw/esbuild,3.1731,5.402,-0.012251,0.3654,5.3576,0.0,1.7024,1,1,1233,3764,39266,4315
heartcombo/devise,0.8077,2.0195,0.050884,0.2115,9.9048,4000000000.0,2.5003,1,1,5530,4265,24227,3911
espressif/esp-idf,137.8077,38.1767,-0.462904,1.0,1.5529,0.3273,0.277,1,1,7835,14062,16140,46369
dracula/dracula-theme,1.1346,2.6605,0.029924,0.2308,9.6949,4.0,2.3448,1,1,2252,780,23101,672
SnapKit/Masonry,0.0,0.0,0.0,0.0,0.0,0.0,0.0,1,1,3162,464,18208,406
gitbutlerapp/gitbutler,181.6731,58.1694,-0.421284,1.0,1.7944,1.0387,0.3202,1,1,661,1158,16127,16742
sindresorhus/quick-look-plugins,0.1538,0.4955,0.004525,0.1154,19.5,1.0,3.221,1,0,537,94,18367,59
marktext/marktext,0.0192,0.1373,0.000982,0.0192,52.0,0.0,7.1414,1,1,3751,2916,51149,1608
t3-oss/create-t3-app,0.7885,2.491,-0.040937,0.1731,19.0244,0.0,3.1594,1,1,1375,739,27868,1366
karpathy/nanoGPT,0.0192,0.1373,0.000896,0.0192,52.0,0.0,7.1414,1,1,7447,337,43958,209
tj/n,0.0577,0.412,-0.003714,0.0192,52.0,0.0,7.1414,1,1,758,544,19358,837
Orange-OpenSource/hurl,17.1923,9.9885,-0.019722,1.0,3.3154,0.7321,0.581,1,1,664,869,17188,3727
Semantic-Org/Semantic-UI,0.0,0.0,0.0,0.0,0.0,0.0,0.0,1,1,4918,6235,51198,6749
socketio/socket.io,1.1538,3.6342,0.050798,0.2885,20.8,0.0,3.1496,1,1,10137,3620,62361,7613
datawhalechina/happy-llm,4.6538,6.9887,-0.142918,0.6346,5.3719,4.0,1.5017,1,1,1329,88,16149,243
agno-agi/agno,43.7308,20.8918,-0.049688,1.0,2.2639,2.537,0.4777,1,1,4137,1288,32541,4000
zai-org/ChatGLM2-6B,0.0,0.0,0.0,0.0,0.0,0.0,0.0,1,1,1832,621,15704,77
rockerBOO/awesome-neovim,11.9615,17.2793,0.384786,0.8462,8.4437,0.5,1.4446,1,1,871,167,18914,1504
cool-RR/PySnooper,0.1154,0.6093,-0.008794,0.0385,34.6667,0.0,5.281,1,1,955,136,16531,327
junegunn/fzf,6.1346,4.3634,-0.032058,1.0,3.4232,2.3636,0.7113,1,1,2577,3019,73380,3356
JedWatson/classnames,0.7308,0.8347,0.013319,0.5,4.1053,1.0,1.1422,1,1,559,175,17779,471
apple/foundationdb,10.2115,7.3179,-0.039401,0.9615,3.2316,1.3158,0.7166,1,1,1411,1786,15638,28021
donnemartin/data-science-ipython-notebooks,0.0,0.0,0.0,0.0,0.0,0.0,0.0,1,1,8015,41,28501,543
caolan/async,0.3077,1.2487,-0.004952,0.0962,26.0,0.0,4.0582,1,1,2400,1142,28224,1983
